{"cameraMode":{"drawMode":0,"name":"Shaded","section":"Shading Mode"},"sceneLighting":false,"audioPlay":false,"sceneViewState":{"showFog":true,"showMaterialUpdate":true,"showSkybox":true,"showFlares":true,"showImageEffects":true,"showParticleSystems":true},"in2DMode":false,"pivot":{"x":39.40509796142578,"y":-4.374408721923828,"z":11.543655395507813},"rotation":{"x":-0.05022982135415077,"y":-0.9200454950332642,"z":0.1248750165104866,"w":-0.36817896366119387},"size":27.331464767456056,"orthographic":false}