{"cameraMode":{"drawMode":0,"name":"Shaded","section":"Shading Mode"},"sceneLighting":false,"audioPlay":false,"sceneViewState":{"showFog":true,"showMaterialUpdate":true,"showSkybox":false,"showFlares":true,"showImageEffects":true,"showParticleSystems":true},"in2DMode":false,"pivot":{"x":-0.7728862762451172,"y":7.124561309814453,"z":0.27144575119018557},"rotation":{"x":-0.04683021456003189,"y":-0.945960521697998,"z":0.15744605660438538,"w":-0.2798767387866974},"size":43.483436584472659,"orthographic":false}