{"cameraMode":{"drawMode":0,"name":"Shaded","section":"Shading Mode"},"sceneLighting":true,"audioPlay":false,"sceneViewState":{"showFog":true,"showMaterialUpdate":true,"showSkybox":true,"showFlares":true,"showImageEffects":true,"showParticleSystems":true},"in2DMode":false,"pivot":{"x":20.635202407836915,"y":2.5204451084136965,"z":32.249488830566409},"rotation":{"x":0.05461302027106285,"y":0.9393946528434753,"z":-0.17822764813899995,"w":0.2878069579601288},"size":3.8958899974823,"orthographic":false}